date,var_dane_pct,ipc_base_2000_01,var_from_ipc_pct
2000-01,1.29,100.0,
2000-02,2.3,102.3,2.3
2000-03,1.71,104.0493,1.71
2000-04,1.0,105.0898,1.0
2000-05,0.52,105.6363,0.52
2000-06,-0.02,105.6152,-0.02
2000-07,-0.04,105.5729,-0.04
2000-08,0.32,105.9108,0.32
2000-09,0.43,106.3662,0.43
2000-10,0.15,106.5257,0.15
2000-11,0.33,106.8773,0.33
2000-12,0.46,107.3689,0.46
2001-01,1.05,108.4963,1.05
2001-02,1.89,110.5468,1.89
2001-03,1.48,112.1829,1.48
2001-04,1.15,113.473,1.15
2001-05,0.42,113.9496,0.42
2001-06,0.04,113.9952,0.04
2001-07,0.11,114.1206,0.11
2001-08,0.26,114.4173,0.26
2001-09,0.37,114.8407,0.37
2001-10,0.19,115.0589,0.19
2001-11,0.12,115.1969,0.12
2001-12,0.34,115.5886,0.34
2002-01,0.8,116.5133,0.8
2002-02,1.26,117.9814,1.26
2002-03,0.71,118.819,0.71
2002-04,0.92,119.9122,0.92
2002-05,0.6,120.6316,0.6
2002-06,0.43,121.1504,0.43
2002-07,0.02,121.1746,0.02
2002-08,0.09,121.2836,0.09
2002-09,0.36,121.7203,0.36
2002-10,0.56,122.4019,0.56
2002-11,0.78,123.3566,0.78
2002-12,0.27,123.6897,0.27
2003-01,1.17,125.1369,1.17
2003-02,1.11,126.5259,1.11
2003-03,1.05,127.8544,1.05
2003-04,1.15,129.3247,1.15
2003-05,0.49,129.9584,0.49
2003-06,-0.05,129.8934,-0.05
2003-07,-0.14,129.7116,-0.14
2003-08,0.31,130.1137,0.31
2003-09,0.22,130.4,0.22
2003-10,0.06,130.4782,0.06
2003-11,0.35,130.9349,0.35
2003-12,0.61,131.7336,0.61
2004-01,0.89,132.906,0.89
2004-02,1.2,134.5009,1.2
2004-03,0.98,135.819,0.98
2004-04,0.46,136.4437,0.46
2004-05,0.38,136.9622,0.38
2004-06,0.6,137.784,0.6
2004-07,-0.03,137.7427,-0.03
2004-08,0.03,137.784,0.03
2004-09,0.3,138.1973,0.3
2004-10,-0.01,138.1835,-0.01
2004-11,0.28,138.5704,0.28
2004-12,0.3,138.9862,0.3
2005-01,0.82,140.1258,0.82
2005-02,1.02,141.5551,1.02
2005-03,0.77,142.6451,0.77
2005-04,0.44,143.2727,0.44
2005-05,0.41,143.8602,0.41
2005-06,0.4,144.4356,0.4
2005-07,0.05,144.5078,0.05
2005-08,0.0,144.5078,0.0
2005-09,0.43,145.1292,0.43
2005-10,0.23,145.463,0.23
2005-11,0.11,145.623,0.11
2005-12,0.07,145.7249,0.07
2006-01,0.54,146.5119,0.54
2006-02,0.66,147.4788,0.66
2006-03,0.7,148.5112,0.7
2006-04,0.45,149.1795,0.45
2006-05,0.33,149.6718,0.33
2006-06,0.3,150.1208,0.3
2006-07,0.41,150.7363,0.41
2006-08,0.39,151.3242,0.39
2006-09,0.29,151.763,0.29
2006-10,-0.14,151.5505,-0.14
2006-11,0.24,151.9142,0.24
2006-12,0.23,152.2637,0.23
2007-01,0.77,153.4361,0.77
2007-02,1.17,155.2313,1.17
2007-03,1.21,157.1096,1.21
2007-04,0.9,158.5236,0.9
2007-05,0.3,158.9991,0.3
2007-06,0.12,159.1899,0.12
2007-07,0.17,159.4606,0.17
2007-08,-0.13,159.2533,-0.13
2007-09,0.08,159.3807,0.08
2007-10,0.01,159.3966,0.01
2007-11,0.47,160.1458,0.47
2007-12,0.49,160.9305,0.49
2008-01,1.06,162.6363,1.06
2008-02,1.51,165.0922,1.51
2008-03,0.81,166.4294,0.81
2008-04,0.71,167.611,0.71
2008-05,0.93,169.1698,0.93
2008-06,0.86,170.6247,0.86
2008-07,0.48,171.4437,0.48
2008-08,0.19,171.7694,0.19
2008-09,-0.19,171.4431,-0.19
2008-10,0.35,172.0431,0.35
2008-11,0.28,172.5248,0.28
2008-12,0.44,173.284,0.44
2009-01,0.59,174.3063,0.59
2009-02,0.84,175.7705,0.84
2009-03,0.5,176.6494,0.5
2009-04,0.32,177.2146,0.32
2009-05,0.01,177.2324,0.01
2009-06,-0.06,177.126,-0.06
2009-07,-0.04,177.0552,-0.04
2009-08,0.04,177.126,0.04
2009-09,-0.11,176.9311,-0.11
2009-10,-0.13,176.7011,-0.13
2009-11,-0.07,176.5774,-0.07
2009-12,0.08,176.7187,0.08
2010-01,0.69,177.9381,0.69
2010-02,0.83,179.415,0.83
2010-03,0.25,179.8635,0.25
2010-04,0.46,180.6909,0.46
2010-05,0.1,180.8716,0.1
2010-06,0.11,181.0705,0.11
2010-07,-0.04,180.9981,-0.04
2010-08,0.11,181.1972,0.11
2010-09,-0.14,180.9435,-0.14
2010-10,-0.09,180.7807,-0.09
2010-11,0.19,181.1241,0.19
2010-12,0.65,182.3014,0.65
2011-01,0.91,183.9604,0.91
2011-02,0.6,185.0642,0.6
2011-03,0.27,185.5638,0.27
2011-04,0.12,185.7865,0.12
2011-05,0.28,186.3067,0.28
2011-06,0.32,186.9029,0.32
2011-07,0.14,187.1645,0.14
2011-08,-0.03,187.1084,-0.03
2011-09,0.31,187.6884,0.31
2011-10,0.19,188.045,0.19
2011-11,0.14,188.3083,0.14
2011-12,0.42,189.0992,0.42
2012-01,0.73,190.4796,0.73
2012-02,0.61,191.6416,0.61
2012-03,0.12,191.8715,0.12
2012-04,0.14,192.1401,0.14
2012-05,0.3,192.7166,0.3
2012-06,0.08,192.8707,0.08
2012-07,-0.02,192.8322,-0.02
2012-08,0.04,192.9093,0.04
2012-09,0.29,193.4687,0.29
2012-10,0.16,193.7783,0.16
2012-11,-0.14,193.507,-0.14
2012-12,0.09,193.6811,0.09
2013-01,0.3,194.2622,0.3
2013-02,0.44,195.1169,0.44
2013-03,0.21,195.5267,0.21
2013-04,0.25,196.0155,0.25
2013-05,0.28,196.5644,0.28
2013-06,0.23,197.0164,0.23
2013-07,0.04,197.0953,0.04
2013-08,0.08,197.2529,0.08
2013-09,0.29,197.825,0.29
2013-10,-0.26,197.3106,-0.26
2013-11,-0.22,196.8765,-0.22
2013-12,0.26,197.3884,0.26
2014-01,0.49,198.3556,0.49
2014-02,0.63,199.6053,0.63
2014-03,0.39,200.3837,0.39
2014-04,0.46,201.3055,0.46
2014-05,0.48,202.2718,0.48
2014-06,0.09,202.4538,0.09
2014-07,0.15,202.7575,0.15
2014-08,0.2,203.163,0.2
2014-09,0.14,203.4474,0.14
2014-10,0.16,203.7729,0.16
2014-11,0.13,204.0378,0.13
2014-12,0.27,204.5887,0.27
2015-01,0.64,205.8981,0.64
2015-02,1.15,208.2659,1.15
2015-03,0.59,209.4947,0.59
2015-04,0.54,210.626,0.54
2015-05,0.26,211.1736,0.26
2015-06,0.1,211.3848,0.1
2015-07,0.19,211.7864,0.19
2015-08,0.48,212.803,0.48
2015-09,0.72,214.3352,0.72
2015-10,0.68,215.7926,0.68
2015-11,0.6,217.0874,0.6
2015-12,0.62,218.4333,0.62
2016-01,1.29,221.2511,1.29
2016-02,1.28,224.0831,1.28
2016-03,0.94,226.1895,0.94
2016-04,0.5,227.3205,0.5
2016-05,0.51,228.4798,0.51
2016-06,0.48,229.5765,0.48
2016-07,0.52,230.7703,0.52
2016-08,-0.32,230.0318,-0.32
2016-09,-0.05,229.9168,-0.05
2016-10,-0.06,229.7789,-0.06
2016-11,0.11,230.0316,0.11
2016-12,0.42,230.9978,0.42
2017-01,1.02,233.3539,1.02
2017-02,1.01,235.7108,1.01
2017-03,0.47,236.8187,0.47
2017-04,0.47,237.9317,0.47
2017-05,0.23,238.479,0.23
2017-06,0.11,238.7413,0.11
2017-07,-0.05,238.6219,-0.05
2017-08,0.14,238.956,0.14
2017-09,0.04,239.0516,0.04
2017-10,0.02,239.0994,0.02
2017-11,0.18,239.5298,0.18
2017-12,0.38,240.44,0.38
2018-01,0.63,241.9547,0.63
2018-02,0.71,243.6726,0.71
2018-03,0.24,244.2574,0.24
2018-04,0.46,245.381,0.46
2018-05,0.25,245.9945,0.25
2018-06,0.15,246.3635,0.15
2018-07,-0.13,246.0432,-0.13
2018-08,0.12,246.3384,0.12
2018-09,0.16,246.7326,0.16
2018-10,0.12,247.0287,0.12
2018-11,0.12,247.3251,0.12
2018-12,0.3,248.0671,0.3
2019-01,0.6,249.5555,0.6
2019-02,0.57,250.9779,0.57
2019-03,0.43,252.0571,0.43
2019-04,0.5,253.3174,0.5
2019-05,0.31,254.1027,0.31
2019-06,0.27,254.7888,0.27
2019-07,0.22,255.3493,0.22
2019-08,0.09,255.5791,0.09
2019-09,0.23,256.167,0.23
2019-10,0.16,256.5768,0.16
2019-11,0.1,256.8334,0.1
2019-12,0.26,257.5012,0.26
2020-01,0.42,258.5827,0.42
2020-02,0.67,260.3152,0.67
2020-03,0.57,261.799,0.57
2020-04,0.16,262.2179,0.16
2020-05,-0.32,261.3788,-0.32
2020-06,-0.38,260.3855,-0.38
2020-07,0.0,260.3855,0.0
2020-08,-0.01,260.3595,-0.01
2020-09,0.32,261.1926,0.32
2020-10,-0.06,261.0359,-0.06
2020-11,-0.15,260.6444,-0.15
2020-12,0.38,261.6348,0.38
2021-01,0.41,262.7075,0.41
2021-02,0.64,264.3889,0.64
2021-03,0.51,265.7372,0.51
2021-04,0.59,267.3051,0.59
2021-05,1.0,269.9781,1.0
2021-06,-0.05,269.8431,-0.05
2021-07,0.32,270.7066,0.32
2021-08,0.45,271.9248,0.45
2021-09,0.38,272.9581,0.38
2021-10,0.01,272.9854,0.01
2021-11,0.5,274.3504,0.5
2021-12,0.73,276.3531,0.73
2022-01,1.67,280.9682,1.67
2022-02,1.63,285.548,1.63
2022-03,1.0,288.4035,1.0
2022-04,1.25,292.0085,1.25
2022-05,0.84,294.4614,0.84
2022-06,0.51,295.9631,0.51
2022-07,0.81,298.3604,0.81
2022-08,1.02,301.4037,1.02
2022-09,0.93,304.2068,0.93
2022-10,0.72,306.3971,0.72
2022-11,0.77,308.7563,0.77
2022-12,1.26,312.6467,1.26
2023-01,1.78,318.2118,1.78
2023-02,1.66,323.4941,1.66
2023-03,1.05,326.8908,1.05
2023-04,0.78,329.4405,0.78
2023-05,0.43,330.8571,0.43
2023-06,0.3,331.8497,0.3
2023-07,0.5,333.5089,0.5
2023-08,0.7,335.8435,0.7
2023-09,0.54,337.657,0.54
2023-10,0.25,338.5012,0.25
2023-11,0.47,340.0921,0.47
2023-12,0.45,341.6226,0.45
2024-01,0.92,344.7655,0.92
2024-02,1.09,348.5234,1.09
2024-03,0.7,350.9631,0.7
2024-04,0.59,353.0338,0.59
2024-05,0.43,354.5518,0.43
2024-06,0.32,355.6864,0.32
2024-07,0.2,356.3978,0.2
2024-08,0.0,356.3978,0.0
2024-09,0.24,357.2531,0.24
2024-10,-0.13,356.7887,-0.13
2024-11,0.27,357.752,0.27
2024-12,0.46,359.3977,0.46
2025-01,0.94,362.776,0.94
2025-02,1.14,366.9117,1.14
2025-03,0.52,368.8196,0.52
2025-04,0.66,371.2538,0.66
2025-05,0.32,372.4418,0.32
2025-06,0.1,372.8143,0.1
2025-07,0.28,373.8581,0.28
2025-08,0.19,374.5685,0.19
2025-09,0.32,375.7671,0.32
2025-10,0.18,376.4435,0.18
2025-11,0.07,376.707,0.07
2025-12,0.27,377.7241,0.27
2026-01,1.18,382.1812,1.18
2026-02,1.08,386.3088,1.08
2026-03,0.78,389.322,0.78
2026-04,0.78,392.3587,0.78
2026-05,0.47,394.2028,0.47
2026-06,0.39,395.7402,0.39
2026-07,0.17,396.413,0.17
2026-08,0.39,397.959,0.39
